{"cameraMode":{"drawMode":0,"name":"Shaded","section":"Shading Mode"},"sceneLighting":false,"audioPlay":false,"sceneViewState":{"showFog":true,"showMaterialUpdate":false,"showSkybox":true,"showFlares":true,"showImageEffects":true,"showParticleSystems":true},"in2DMode":false,"pivot":{"x":82.99266052246094,"y":-139.52027893066407,"z":647.4920043945313},"rotation":{"x":0.10805101692676544,"y":0.1940302699804306,"z":-0.021518034860491754,"w":0.974785327911377},"size":707.1068115234375,"orthographic":false}