{"cameraMode":{"drawMode":0,"name":"Shaded","section":"Shading Mode"},"sceneLighting":false,"audioPlay":false,"sceneViewState":{"showFog":true,"showMaterialUpdate":false,"showSkybox":true,"showFlares":true,"showImageEffects":true,"showParticleSystems":true},"in2DMode":false,"pivot":{"x":-15.243637084960938,"y":37.76179885864258,"z":-4.114080429077148},"rotation":{"x":-0.1013999879360199,"y":0.6515981554985046,"z":-0.08850375562906265,"w":-0.7465444207191467},"size":110.9771728515625,"orthographic":false}