{"cameraMode":{"drawMode":0,"name":"Shaded","section":"Shading Mode"},"sceneLighting":true,"audioPlay":false,"sceneViewState":{"showFog":true,"showMaterialUpdate":false,"showSkybox":true,"showFlares":true,"showImageEffects":true,"showParticleSystems":true},"in2DMode":false,"pivot":{"x":23.980911254882814,"y":0.4574127197265625,"z":21.093311309814454},"rotation":{"x":-0.1334872841835022,"y":0.8465017080307007,"z":-0.2510501742362976,"w":-0.45010074973106387},"size":58.65338134765625,"orthographic":false}