{"cameraMode":{"drawMode":0,"name":"Shaded","section":"Shading Mode"},"sceneLighting":false,"audioPlay":false,"sceneViewState":{"showFog":true,"showMaterialUpdate":false,"showSkybox":true,"showFlares":true,"showImageEffects":true,"showParticleSystems":true},"in2DMode":false,"pivot":{"x":-2.299999952316284,"y":6.440000057220459,"z":-28.700000762939454},"rotation":{"x":0.08725296705961228,"y":0.9012553095817566,"z":-0.21482907235622407,"w":0.36604419350624087},"size":435.9544372558594,"orthographic":false}