{"cameraMode":{"drawMode":0,"name":"Shaded","section":"Shading Mode"},"sceneLighting":false,"audioPlay":false,"sceneViewState":{"showFog":true,"showMaterialUpdate":false,"showSkybox":true,"showFlares":true,"showImageEffects":true,"showParticleSystems":true},"in2DMode":false,"pivot":{"x":-10.452972412109375,"y":26.67213249206543,"z":-26.59113121032715},"rotation":{"x":-0.26607534289360049,"y":-0.49064183235168459,"z":0.16037535667419434,"w":-0.8141045570373535},"size":249.576171875,"orthographic":false}